Feature,Importance
TFR,0.6311314624664502
SurveyYear,0.22858711451989952
Zone,0.1058186866373461
Adolescent_Fertility,0.03446273637630419
