Feature,Importance
SurveyYear,0.43729950605493667
TFR,0.38815116515521825
Zone,0.10966478841983707
Adolescent_Fertility,0.06488454037000799
